[
    {
        "mode": "NULLABLE",
        "name": "_id",
        "type": "STRING"
    },
    {
        "mode": "NULLABLE",
        "name": "operationType",
        "type": "STRING"
    },
    {
        "mode": "NULLABLE",
        "name": "fullDocument",
        "type": "STRING"
    },
    {
        "mode": "NULLABLE",
        "name": "updateDescription",
        "type": "STRING"
    },
    {
        "mode": "NULLABLE",
        "name": "collection",
        "type": "STRING"
    },
    {
        "mode": "NULLABLE",
        "name": "documentKey",
        "type": "STRING"
    },
    {
        "mode": "NULLABLE",
        "name": "clusterTime",
        "type": "TIMESTAMP"
    },
    {
        "mode": "NULLABLE",
        "name": "txnNumber",
        "type": "NUMERIC"
    },
    {
        "mode": "NULLABLE",
        "name": "lsid",
        "type": "STRING"
    },
    {
        "mode": "NULLABLE",
        "name": "payload",
        "type": "STRING"
    }
]
